entity_type,id,name,file_name,source_url,license,status
series,007,郎朗钢琴独奏音乐会,series_007_poster.jpg,"https://www.have-tickets.com/detail/ZEd2QjZjZzUyM2xOTUZ3dndWM1UxZz09.html","票星球（HaveTickets）：公开宣传素材；拟用于课程学习展示，未取得再使用授权，版权归原权利人","完成"
series,040,话剧《白鹿原》,series_040_poster.jpg,"https://k.sina.com.cn/article_6069423983_p169c40f6f02700d772.html","新浪新闻（陕西人艺版话剧宣传海报）：公开宣传素材；拟用于课程学习展示，未取得再使用授权，版权归原权利人","完成"
series,053,梵高《星夜》光影艺术展,series_053_poster.jpg,"https://www.klook.com/en-US/activity/131935-bunker-of-lights/","Klook客路（Van Gogh Starry Night沉浸式光影展）：公开宣传素材；拟用于课程学习展示，未取得再使用授权，版权归原权利人","完成"
series,057,恐龙化石科普展,series_057_poster.jpg,"https://www.qianggen.net/tuan/0511857909/","墙根网（遇见白垩纪恐龙化石特展宣传海报）：公开宣传素材；拟用于课程学习展示，未取得再使用授权，版权归原权利人","完成"
series,061,芭蕾舞剧《天鹅湖》,series_061_poster.jpg,"https://huodong.com/event/detail/eyRUH","活动网（国家大剧院马林斯基芭蕾舞团宣传海报，图片来自大麦CDN）：公开宣传素材；拟用于课程学习展示，未取得再使用授权，版权归原权利人","完成"
series,065,刘宇宁巡回演唱会,series_065_poster.jpg,"https://m.ypiao.com/event?id=108837","有票网（海报来自大麦图片CDN）：公开宣传素材；拟用于课程学习展示，未取得再使用授权，版权归原权利人","完成"
series,069,周杰伦巡回演唱会,series_069_poster.jpg,"https://www.dailyqd.com/guanhai/374760_1.html","青岛日报·观海新闻：公开宣传素材；拟用于课程学习展示，未取得再使用授权，版权归原权利人","完成"
series,073,张杰巡回演唱会,series_073_poster.jpg,"https://peking.bjd.com.cn/content/s69d730d1e4b0687a2893c0c3.html","北京日报（未LIVE—开往1982演唱会海报）：公开宣传素材；拟用于课程学习展示，未取得再使用授权，版权归原权利人","完成"
series,078,李荣浩巡回演唱会,series_078_poster.jpg,"https://www.sznews.com/news/content/2023-10/20/content_30542786.htm","深圳新闻网：公开宣传素材；拟用于课程学习展示，未取得再使用授权，版权归原权利人","完成"
series,082,王力宏巡回演唱会,series_082_poster.jpg,"https://www.df962388.com/yanchu/wanglihong/","东方演出网（最好的地方巡演海报，图片来自大麦CDN）：公开宣传素材；拟用于课程学习展示，未取得再使用授权，版权归原权利人","完成"
series,086,薛之谦巡回演唱会,series_086_poster.jpg,"https://www.klook.cn/zh-CN/event-detail/101026906-2024-joker-xue-concert-bangkok/","Klook客路（天外来物巡演海报）：公开宣传素材；拟用于课程学习展示，未取得再使用授权，版权归原权利人","完成"
series,090,郭富城巡回演唱会,series_090_poster.jpg,"https://huacheng.gz-cmc.com/pages/2024/01/12/SF11373188e0a9855051cc4cf6a37e67.html","广州日报·新花城：公开宣传素材；拟用于课程学习展示，未取得再使用授权，版权归原权利人","完成"
series,094,Taylor Swift 巡回演唱会,series_094_poster.jpg,"https://pitchfork.com/news/taylor-swift-announces-international-eras-tour-dates-for-2024/","Pitchfork（The Eras Tour官方宣传海报）：公开宣传素材；拟用于课程学习展示，未取得再使用授权，版权归原权利人","完成"
series,098,羽毛球大师赛,series_098_poster.jpg,"https://www.sznews.com/news/content/2023-11/16/content_30592904.htm","深圳新闻网（李宁中国羽毛球大师赛宣传海报）：公开宣传素材；拟用于课程学习展示，未取得再使用授权，版权归原权利人","完成"
series,102,电竞大赛,series_102_poster.jpg,"https://post.smzdm.com/p/aev47x6k/","什么值得买（2022 LPL夏季赛总决赛宣传海报）：公开宣传素材；拟用于课程学习展示，未取得再使用授权，版权归原权利人","完成"
series,106,甄嬛传话剧,series_106_poster.jpg,"https://www.kaixinguopiao.com/drama/drama_cycle_detail/1_52_591.html","开心麻花官方票务网站（开心果票）：公开宣传素材；拟用于课程学习展示，未取得再使用授权，版权归原权利人","完成"
series,110,毕加索真迹展,series_110_poster.jpg,"https://www.jinshasitemuseum.com/info/746","成都金沙遗址博物馆（再遇毕加索展览海报）：公开宣传素材；拟用于课程学习展示，未取得再使用授权，版权归原权利人","完成"
series,114,吉赛尔,series_114_poster.jpg,"https://www.klook.com/zh-TW/event-detail/101019105-2023-giselle-ballet-dance-show/","Klook客路（乌克兰联合芭蕾舞团吉赛尔·卫武营演出海报）：公开宣传素材；拟用于课程学习展示，未取得再使用授权，版权归原权利人","完成"
series,118,永不消逝的电波,series_118_poster.jpg,"https://sichuan.scol.com.cn/ggxw/202407/82568684.html","四川在线（舞剧宣传海报）：公开宣传素材；拟用于课程学习展示，未取得再使用授权，版权归原权利人","完成"
series,122,孔子舞剧,series_122_poster.jpg,"https://www.thejie.com/writing/14018","街街网转载广西文化艺术中心（中国歌剧舞剧院孔子正式演出海报）：公开宣传素材；拟用于课程学习展示，未取得再使用授权，版权归原权利人","完成"
